{
    "Strategy": 70.43396226415095,
    "Simulation": 71.57758620689656,
    "Action": 68.1027397260274,
    "Sports": 70.52521008403362,
    "Racing / Driving": 69.46206896551725,
    "Educational": 68.14285714285714,
    "Adventure": 66.10958904109589,
    "Role-Playing (RPG)": 70.14285714285714
}